<?xml version="1.0"?>

<ruleset name="CT3">
    <description>CT3 coding standards.</description>
    <exclude-pattern>*/Resources/*</exclude-pattern>
    <exclude-pattern>*/spec/*</exclude-pattern>
    <rule ref="PSR1"/>
    <rule ref="PSR2"/>
    <rule ref="vendor/escapestudios/symfony2-coding-standard/Symfony/Sniffs/Classes"/>
    <rule ref="vendor/escapestudios/symfony2-coding-standard/Symfony/Sniffs/Formatting"/>
    <rule ref="vendor/escapestudios/symfony2-coding-standard/Symfony/Sniffs/Whitespace"/>
</ruleset>
