{
  "hotel": {
    "hotel_id": 1,
    "email": "hotel-1@trvb.com",
    "city_name_en": "Warsaw",
    "name": "Golden star hotel",
    "stars": 5,
    "rating": 4.85,
    "age": 7,
    "free_places_at_now": true,
    "location": {
      "lat": "52.21",
      "lon": "21.01"
    },
    "comments": [
      {
        "hotel_id": 1,
        "content": "Some comment",
        "stars": 5,
        "created_at": "2021/08/01"
      },
      {
        "hotel_id": 1,
        "content": "Some comment",
        "created_at": "2021/08/01",
        "stars": 5
      }
    ]
  }
}