{
  "hotel": {
    "hotel_id": 2,
    "email": "hotel-2@trvb.com",
    "city_name_en": "Warsaw",
    "name": "Silver star hotel",
    "stars": 4,
    "rating": 4.6,
    "age": 9,
    "free_places_at_now": true,
    "location": {
      "lat": "52.13",
      "lon": "21.01"
    },
    "comments": [
      {
        "hotel_id": 2,
        "content": "Some comment",
        "stars": 5,
        "created_at": "2021/08/01"
      },
      {
        "hotel_id": 2,
        "content": "Some comment",
        "created_at": "2021/08/01",
        "stars": 4
      }
    ]
  }
}