{
  "hotel": {
    "hotel_id": 3,
    "email": "hotel-3@trvb.com",
    "city_name_en": "Gdansk",
    "name": "Simple star hotel",
    "stars": 2,
    "rating": 3.65,
    "age": 7,
    "free_places_at_now": true,
    "location": {
      "lat": "51.77",
      "lon": "19.41"
    },
    "comments": [
      {
        "hotel_id": 3,
        "content": "Some comment",
        "stars": 4,
        "created_at": "2021/08/01"
      },
      {
        "hotel_id": 3,
        "content": "Some comment",
        "created_at": "2021/08/01",
        "stars": 3
      }
    ]
  }
}